<?xml version="1.0" encoding="UTF-8"?>
<GenRun Id="impl_1" LaunchPart="xc7a100tcsg324-1" LaunchTime="1698285074">
  <File Type="ROUTE-PWR" Name="mcs_top_vanilla_power_routed.rpt"/>
  <File Type="PA-TCL" Name="mcs_top_vanilla.tcl"/>
  <File Type="ROUTE-PWR-SUM" Name="mcs_top_vanilla_power_summary_routed.pb"/>
  <File Type="REPORTS-TCL" Name="mcs_top_vanilla_reports.tcl"/>
  <File Type="BITSTR-MSK" Name="mcs_top_vanilla.msk"/>
  <File Type="ROUTE-CLK" Name="mcs_top_vanilla_clock_utilization_routed.rpt"/>
  <File Type="RDI-RDI" Name="mcs_top_vanilla.vdi"/>
  <File Type="BG-BIT" Name="mcs_top_vanilla.bit"/>
  <File Type="BG-DRC" Name="mcs_top_vanilla.drc"/>
  <File Type="BG-BGN" Name="mcs_top_vanilla.bgn"/>
  <File Type="BG-BIN" Name="mcs_top_vanilla.bin"/>
  <File Type="BITSTR-RBT" Name="mcs_top_vanilla.rbt"/>
  <File Type="BITSTR-NKY" Name="mcs_top_vanilla.nky"/>
  <File Type="BITSTR-BMM" Name="mcs_top_vanilla_bd.bmm"/>
  <File Type="BITSTR-MMI" Name="mcs_top_vanilla.mmi"/>
  <File Type="ROUTE-METHODOLOGY-DRC" Name="mcs_top_vanilla_methodology_drc_routed.rpt"/>
  <File Type="BITSTR-SYSDEF" Name="mcs_top_vanilla.sysdef"/>
  <File Type="BITSTR-LTX" Name="debug_nets.ltx"/>
  <File Type="BITSTR-LTX" Name="mcs_top_vanilla.ltx"/>
  <File Type="WBT-USG" Name="usage_statistics_webtalk.html"/>
  <File Type="OPT-DRC" Name="mcs_top_vanilla_drc_opted.rpt"/>
  <File Type="OPT-HWDEF" Name="mcs_top_vanilla.hwdef"/>
  <File Type="PLACE-IO" Name="mcs_top_vanilla_io_placed.rpt"/>
  <File Type="PLACE-UTIL" Name="mcs_top_vanilla_utilization_placed.rpt"/>
  <File Type="PLACE-UTIL-PB" Name="mcs_top_vanilla_utilization_placed.pb"/>
  <File Type="PLACE-CTRL" Name="mcs_top_vanilla_control_sets_placed.rpt"/>
  <File Type="PLACE-PRE-SIMILARITY" Name="mcs_top_vanilla_incremental_reuse_pre_placed.rpt"/>
  <File Type="ROUTE-DRC" Name="mcs_top_vanilla_drc_routed.rpt"/>
  <File Type="ROUTE-DRC-PB" Name="mcs_top_vanilla_drc_routed.pb"/>
  <File Type="ROUTE-PWR-RPX" Name="mcs_top_vanilla_power_routed.rpx"/>
  <File Type="ROUTE-STATUS" Name="mcs_top_vanilla_route_status.rpt"/>
  <File Type="ROUTE-STATUS-PB" Name="mcs_top_vanilla_route_status.pb"/>
  <File Type="ROUTE-DCP" Name="mcs_top_vanilla_routed.dcp"/>
  <File Type="ROUTE-ERROR-DCP" Name="mcs_top_vanilla_routed_error.dcp"/>
  <File Type="ROUTE-BLACKBOX-DCP" Name="mcs_top_vanilla_routed_bb.dcp"/>
  <File Type="ROUTE-TIMINGSUMMARY" Name="mcs_top_vanilla_timing_summary_routed.rpt"/>
  <File Type="ROUTE-TIMING-PB" Name="mcs_top_vanilla_timing_summary_routed.pb"/>
  <File Type="ROUTE-TIMING-RPX" Name="mcs_top_vanilla_timing_summary_routed.rpx"/>
  <File Type="ROUTE-BUS-SKEW" Name="mcs_top_vanilla_bus_skew_routed.rpt"/>
  <File Type="ROUTE-BUS-SKEW-PB" Name="mcs_top_vanilla_bus_skew_routed.pb"/>
  <File Type="ROUTE-BUS-SKEW-RPX" Name="mcs_top_vanilla_bus_skew_routed.rpx"/>
  <File Type="OPT-DCP" Name="mcs_top_vanilla_opt.dcp"/>
  <File Type="PLACE-DCP" Name="mcs_top_vanilla_placed.dcp"/>
  <File Type="PWROPT-DCP" Name="mcs_top_vanilla_pwropt.dcp"/>
  <File Type="POSTPLACE-PWROPT-DCP" Name="mcs_top_vanilla_postplace_pwropt.dcp"/>
  <File Type="PHYSOPT-DCP" Name="mcs_top_vanilla_physopt.dcp"/>
  <File Type="POSTROUTE-PHYSOPT-DCP" Name="mcs_top_vanilla_postroute_physopt.dcp"/>
  <File Type="POSTROUTE-PHYSOPT-BLACKBOX-DCP" Name="mcs_top_vanilla_postroute_physopt_bb.dcp"/>
  <File Type="ROUTE-METHODOLOGY-DRC-PB" Name="mcs_top_vanilla_methodology_drc_routed.pb"/>
  <File Type="ROUTE-DRC-RPX" Name="mcs_top_vanilla_drc_routed.rpx"/>
  <File Type="ROUTE-METHODOLOGY-DRC-RPX" Name="mcs_top_vanilla_methodology_drc_routed.rpx"/>
  <File Type="PDI-FILE" Name="mcs_top_vanilla.pdi"/>
  <File Type="RCFI_FILE" Name="mcs_top_vanilla.rcfi"/>
  <File Type="CFI_FILE" Name="mcs_top_vanilla.cfi"/>
  <File Type="RNPI_FILE" Name="mcs_top_vanilla.rnpi"/>
  <File Type="NPI_FILE" Name="mcs_top_vanilla.npi"/>
  <File Type="RBD_FILE" Name="mcs_top_vanilla.rbd"/>
  <FileSet Name="sources" Type="DesignSrcs" RelSrcDir="$PSRCDIR/sources_1" RelGenDir="$PGENDIR/sources_1">
    <Filter Type="Srcs"/>
    <File Path="$PSRCDIR/sources_1/ip/cpu/cpu.xci">
      <FileInfo>
        <Attr Name="UsedIn" Val="synthesis"/>
        <Attr Name="UsedIn" Val="implementation"/>
        <Attr Name="UsedIn" Val="simulation"/>
      </FileInfo>
    </File>
    <File Path="$PPRDIR/../files_class_report_5/fpga_mcs_sv_src/hdl/mmio/uart/baud_gen.sv">
      <FileInfo>
        <Attr Name="UsedIn" Val="synthesis"/>
        <Attr Name="UsedIn" Val="implementation"/>
        <Attr Name="UsedIn" Val="simulation"/>
      </FileInfo>
    </File>
    <File Path="$PPRDIR/../files_class_report_5/fpga_mcs_sv_src/hdl/mmio/debounce/chu_debounce_core.sv">
      <FileInfo>
        <Attr Name="UsedIn" Val="synthesis"/>
        <Attr Name="UsedIn" Val="implementation"/>
        <Attr Name="UsedIn" Val="simulation"/>
      </FileInfo>
    </File>
    <File Path="$PPRDIR/../files_class_report_5/fpga_mcs_sv_src/hdl/mmio/mmio_basic/chu_gpi.sv">
      <FileInfo>
        <Attr Name="UsedIn" Val="synthesis"/>
        <Attr Name="UsedIn" Val="implementation"/>
        <Attr Name="UsedIn" Val="simulation"/>
      </FileInfo>
    </File>
    <File Path="$PPRDIR/../files_class_report_5/fpga_mcs_sv_src/hdl/mmio/mmio_basic/chu_gpo.sv">
      <FileInfo>
        <Attr Name="UsedIn" Val="synthesis"/>
        <Attr Name="UsedIn" Val="implementation"/>
        <Attr Name="UsedIn" Val="simulation"/>
      </FileInfo>
    </File>
    <File Path="$PPRDIR/../files_class_report_5/fpga_mcs_sv_src/hdl/mmio/i2c/chu_i2c_core.sv">
      <FileInfo>
        <Attr Name="UsedIn" Val="synthesis"/>
        <Attr Name="UsedIn" Val="implementation"/>
        <Attr Name="UsedIn" Val="simulation"/>
      </FileInfo>
    </File>
    <File Path="$PPRDIR/../files_class_report_5/fpga_mcs_sv_src/hdl/mmio/led_mux/chu_led_mux_core.sv">
      <FileInfo>
        <Attr Name="UsedIn" Val="synthesis"/>
        <Attr Name="UsedIn" Val="implementation"/>
        <Attr Name="UsedIn" Val="simulation"/>
      </FileInfo>
    </File>
    <File Path="$PPRDIR/../files_class_report_5/fpga_mcs_sv_src/hdl/sys/bridge/chu_mcs_bridge.sv">
      <FileInfo>
        <Attr Name="UsedIn" Val="synthesis"/>
        <Attr Name="UsedIn" Val="implementation"/>
        <Attr Name="UsedIn" Val="simulation"/>
      </FileInfo>
    </File>
    <File Path="$PPRDIR/../files_class_report_5/fpga_mcs_sv_src/hdl/mmio/mmio_support/chu_mmio_controller.sv">
      <FileInfo>
        <Attr Name="UsedIn" Val="synthesis"/>
        <Attr Name="UsedIn" Val="implementation"/>
        <Attr Name="UsedIn" Val="simulation"/>
      </FileInfo>
    </File>
    <File Path="$PPRDIR/../files_class_report_5/fpga_mcs_sv_src/hdl/mmio/mmio_basic/chu_timer.sv">
      <FileInfo>
        <Attr Name="UsedIn" Val="synthesis"/>
        <Attr Name="UsedIn" Val="implementation"/>
        <Attr Name="UsedIn" Val="simulation"/>
      </FileInfo>
    </File>
    <File Path="$PPRDIR/../files_class_report_5/fpga_mcs_sv_src/hdl/mmio/uart/chu_uart.sv">
      <FileInfo>
        <Attr Name="UsedIn" Val="synthesis"/>
        <Attr Name="UsedIn" Val="implementation"/>
        <Attr Name="UsedIn" Val="simulation"/>
      </FileInfo>
    </File>
    <File Path="$PPRDIR/../files_class_report_5/fpga_mcs_sv_src/hdl/mmio/debounce/debounce_counter.sv">
      <FileInfo>
        <Attr Name="UsedIn" Val="synthesis"/>
        <Attr Name="UsedIn" Val="implementation"/>
        <Attr Name="UsedIn" Val="simulation"/>
      </FileInfo>
    </File>
    <File Path="$PPRDIR/../files_class_report_5/fpga_mcs_sv_src/hdl/mmio/debounce/debounce_fsm.sv">
      <FileInfo>
        <Attr Name="UsedIn" Val="synthesis"/>
        <Attr Name="UsedIn" Val="implementation"/>
        <Attr Name="UsedIn" Val="simulation"/>
      </FileInfo>
    </File>
    <File Path="$PPRDIR/../files_class_report_5/fpga_mcs_sv_src/hdl/mmio/mmio_support/fifo/fifo.sv">
      <FileInfo>
        <Attr Name="UsedIn" Val="synthesis"/>
        <Attr Name="UsedIn" Val="implementation"/>
        <Attr Name="UsedIn" Val="simulation"/>
      </FileInfo>
    </File>
    <File Path="$PPRDIR/../files_class_report_5/fpga_mcs_sv_src/hdl/mmio/mmio_support/fifo/fifo_ctrl.sv">
      <FileInfo>
        <Attr Name="UsedIn" Val="synthesis"/>
        <Attr Name="UsedIn" Val="implementation"/>
        <Attr Name="UsedIn" Val="simulation"/>
      </FileInfo>
    </File>
    <File Path="$PPRDIR/../files_class_report_5/fpga_mcs_sv_src/hdl/mmio/i2c/i2c_master.sv">
      <FileInfo>
        <Attr Name="UsedIn" Val="synthesis"/>
        <Attr Name="UsedIn" Val="implementation"/>
        <Attr Name="UsedIn" Val="simulation"/>
      </FileInfo>
    </File>
    <File Path="$PPRDIR/../files_class_report_5/fpga_mcs_sv_src/hdl/mmio/led_mux/led_mux8.sv">
      <FileInfo>
        <Attr Name="UsedIn" Val="synthesis"/>
        <Attr Name="UsedIn" Val="implementation"/>
        <Attr Name="UsedIn" Val="simulation"/>
      </FileInfo>
    </File>
    <File Path="$PPRDIR/../files_class_report_5/fpga_mcs_sv_src/hdl/sys/bridge/chu_io_map.svh">
      <FileInfo>
        <Attr Name="UsedIn" Val="synthesis"/>
        <Attr Name="UsedIn" Val="simulation"/>
        <Attr Name="IsVisible" Val="1"/>
      </FileInfo>
    </File>
    <File Path="$PPRDIR/../files_class_report_5/fpga_mcs_sv_src/hdl/sys/subsys/mmio_sys_vanilla.sv">
      <FileInfo>
        <Attr Name="UsedIn" Val="synthesis"/>
        <Attr Name="UsedIn" Val="implementation"/>
        <Attr Name="UsedIn" Val="simulation"/>
      </FileInfo>
    </File>
    <File Path="$PPRDIR/../files_class_report_5/fpga_mcs_sv_src/hdl/mmio/mmio_support/fifo/reg_file.sv">
      <FileInfo>
        <Attr Name="UsedIn" Val="synthesis"/>
        <Attr Name="UsedIn" Val="implementation"/>
        <Attr Name="UsedIn" Val="simulation"/>
      </FileInfo>
    </File>
    <File Path="$PPRDIR/../files_class_report_5/fpga_mcs_sv_src/hdl/mmio/uart/uart.sv">
      <FileInfo>
        <Attr Name="UsedIn" Val="synthesis"/>
        <Attr Name="UsedIn" Val="implementation"/>
        <Attr Name="UsedIn" Val="simulation"/>
      </FileInfo>
    </File>
    <File Path="$PPRDIR/../files_class_report_5/fpga_mcs_sv_src/hdl/mmio/uart/uart_rx.sv">
      <FileInfo>
        <Attr Name="UsedIn" Val="synthesis"/>
        <Attr Name="UsedIn" Val="implementation"/>
        <Attr Name="UsedIn" Val="simulation"/>
      </FileInfo>
    </File>
    <File Path="$PPRDIR/../files_class_report_5/fpga_mcs_sv_src/hdl/mmio/uart/uart_tx.sv">
      <FileInfo>
        <Attr Name="UsedIn" Val="synthesis"/>
        <Attr Name="UsedIn" Val="implementation"/>
        <Attr Name="UsedIn" Val="simulation"/>
      </FileInfo>
    </File>
    <File Path="$PPRDIR/../files_class_report_5/fpga_mcs_sv_src/hdl/sys/top/mcs_top_vanilla.sv">
      <FileInfo>
        <Attr Name="UsedIn" Val="synthesis"/>
        <Attr Name="UsedIn" Val="implementation"/>
        <Attr Name="UsedIn" Val="simulation"/>
      </FileInfo>
    </File>
    <File Path="$PPRDIR/../../class_report_5/class_report_5_app/Debug/class_report_5_app.elf">
      <FileInfo>
        <Attr Name="UsedIn" Val="implementation"/>
        <Attr Name="ScopedToRef" Val="cpu"/>
        <Attr Name="ScopedToCell" Val="inst/microblaze_I"/>
        <Attr Name="IsVisible" Val="1"/>
      </FileInfo>
    </File>
    <Config>
      <Option Name="DesignMode" Val="RTL"/>
      <Option Name="TopModule" Val="mcs_top_vanilla"/>
      <Option Name="TopAutoSet" Val="TRUE"/>
    </Config>
  </FileSet>
  <FileSet Name="constrs_in" Type="Constrs" RelSrcDir="$PSRCDIR/constrs_1">
    <Filter Type="Constrs"/>
    <File Path="$PPRDIR/../files_class_report_5/fpga_mcs_sv_src/constraint/Nexys4_DDR_chu.xdc">
      <FileInfo>
        <Attr Name="UsedIn" Val="synthesis"/>
        <Attr Name="UsedIn" Val="implementation"/>
      </FileInfo>
    </File>
    <Config>
      <Option Name="ConstrsType" Val="XDC"/>
    </Config>
  </FileSet>
  <FileSet Name="utils" Type="Utils" RelSrcDir="$PSRCDIR/utils_1">
    <Filter Type="Utils"/>
    <Config>
      <Option Name="TopAutoSet" Val="TRUE"/>
    </Config>
  </FileSet>
  <Strategy Version="1" Minor="2">
    <StratHandle Name="Vivado Implementation Defaults" Flow="Vivado Implementation 2021"/>
    <Step Id="init_design"/>
    <Step Id="opt_design"/>
    <Step Id="power_opt_design"/>
    <Step Id="place_design"/>
    <Step Id="post_place_power_opt_design"/>
    <Step Id="phys_opt_design"/>
    <Step Id="route_design"/>
    <Step Id="post_route_phys_opt_design"/>
    <Step Id="write_bitstream"/>
  </Strategy>
</GenRun>
