<?xml version="1.0" encoding="UTF-8"?>
<GenRun Id="impl_1" LaunchPart="xc7a100tcsg324-1" LaunchTime="1693957332">
  <File Type="ROUTE-PWR" Name="top_class_report_1_power_routed.rpt"/>
  <File Type="PA-TCL" Name="top_class_report_1.tcl"/>
  <File Type="BITSTR-MMI" Name="top_class_report_1.mmi"/>
  <File Type="OPT-METHODOLOGY-DRC" Name="top_class_report_1_methodology_drc_opted.rpt"/>
  <File Type="INIT-TIMING" Name="top_class_report_1_timing_summary_init.rpt"/>
  <File Type="ROUTE-PWR-SUM" Name="top_class_report_1_power_summary_routed.pb"/>
  <File Type="REPORTS-TCL" Name="top_class_report_1_reports.tcl"/>
  <File Type="OPT-TIMING" Name="top_class_report_1_timing_summary_opted.rpt"/>
  <File Type="OPT-DCP" Name="top_class_report_1_opt.dcp"/>
  <File Type="OPT-DRC" Name="top_class_report_1_drc_opted.rpt"/>
  <File Type="OPT-HWDEF" Name="top_class_report_1.hwdef"/>
  <File Type="PWROPT-DCP" Name="top_class_report_1_pwropt.dcp"/>
  <File Type="PWROPT-DRC" Name="top_class_report_1_drc_pwropted.rpt"/>
  <File Type="PWROPT-TIMING" Name="top_class_report_1_timing_summary_pwropted.rpt"/>
  <File Type="PLACE-DCP" Name="top_class_report_1_placed.dcp"/>
  <File Type="PLACE-IO" Name="top_class_report_1_io_placed.rpt"/>
  <File Type="PLACE-CLK" Name="top_class_report_1_clock_utilization_placed.rpt"/>
  <File Type="PLACE-UTIL" Name="top_class_report_1_utilization_placed.rpt"/>
  <File Type="PLACE-UTIL-PB" Name="top_class_report_1_utilization_placed.pb"/>
  <File Type="PLACE-CTRL" Name="top_class_report_1_control_sets_placed.rpt"/>
  <File Type="PLACE-SIMILARITY" Name="top_class_report_1_incremental_reuse_placed.rpt"/>
  <File Type="PLACE-PRE-SIMILARITY" Name="top_class_report_1_incremental_reuse_pre_placed.rpt"/>
  <File Type="BG-BIN" Name="top_class_report_1.bin"/>
  <File Type="PLACE-TIMING" Name="top_class_report_1_timing_summary_placed.rpt"/>
  <File Type="POSTPLACE-PWROPT-DCP" Name="top_class_report_1_postplace_pwropt.dcp"/>
  <File Type="BITSTR-MSK" Name="top_class_report_1.msk"/>
  <File Type="POSTPLACE-PWROPT-TIMING" Name="top_class_report_1_timing_summary_postplace_pwropted.rpt"/>
  <File Type="PHYSOPT-DCP" Name="top_class_report_1_physopt.dcp"/>
  <File Type="PHYSOPT-DRC" Name="top_class_report_1_drc_physopted.rpt"/>
  <File Type="BITSTR-RBT" Name="top_class_report_1.rbt"/>
  <File Type="PHYSOPT-TIMING" Name="top_class_report_1_timing_summary_physopted.rpt"/>
  <File Type="ROUTE-ERROR-DCP" Name="top_class_report_1_routed_error.dcp"/>
  <File Type="ROUTE-DCP" Name="top_class_report_1_routed.dcp"/>
  <File Type="ROUTE-BLACKBOX-DCP" Name="top_class_report_1_routed_bb.dcp"/>
  <File Type="ROUTE-DRC" Name="top_class_report_1_drc_routed.rpt"/>
  <File Type="ROUTE-DRC-PB" Name="top_class_report_1_drc_routed.pb"/>
  <File Type="ROUTE-DRC-RPX" Name="top_class_report_1_drc_routed.rpx"/>
  <File Type="ROUTE-METHODOLOGY-DRC" Name="top_class_report_1_methodology_drc_routed.rpt"/>
  <File Type="ROUTE-METHODOLOGY-DRC-RPX" Name="top_class_report_1_methodology_drc_routed.rpx"/>
  <File Type="ROUTE-METHODOLOGY-DRC-PB" Name="top_class_report_1_methodology_drc_routed.pb"/>
  <File Type="ROUTE-PWR-RPX" Name="top_class_report_1_power_routed.rpx"/>
  <File Type="ROUTE-STATUS" Name="top_class_report_1_route_status.rpt"/>
  <File Type="ROUTE-STATUS-PB" Name="top_class_report_1_route_status.pb"/>
  <File Type="ROUTE-TIMINGSUMMARY" Name="top_class_report_1_timing_summary_routed.rpt"/>
  <File Type="ROUTE-TIMING-PB" Name="top_class_report_1_timing_summary_routed.pb"/>
  <File Type="ROUTE-TIMING-RPX" Name="top_class_report_1_timing_summary_routed.rpx"/>
  <File Type="ROUTE-SIMILARITY" Name="top_class_report_1_incremental_reuse_routed.rpt"/>
  <File Type="ROUTE-CLK" Name="top_class_report_1_clock_utilization_routed.rpt"/>
  <File Type="ROUTE-BUS-SKEW" Name="top_class_report_1_bus_skew_routed.rpt"/>
  <File Type="ROUTE-BUS-SKEW-PB" Name="top_class_report_1_bus_skew_routed.pb"/>
  <File Type="ROUTE-BUS-SKEW-RPX" Name="top_class_report_1_bus_skew_routed.rpx"/>
  <File Type="POSTROUTE-PHYSOPT-DCP" Name="top_class_report_1_postroute_physopt.dcp"/>
  <File Type="POSTROUTE-PHYSOPT-BLACKBOX-DCP" Name="top_class_report_1_postroute_physopt_bb.dcp"/>
  <File Type="POSTROUTE-PHYSOPT-TIMING" Name="top_class_report_1_timing_summary_postroute_physopted.rpt"/>
  <File Type="POSTROUTE-PHYSOPT-TIMING-PB" Name="top_class_report_1_timing_summary_postroute_physopted.pb"/>
  <File Type="POSTROUTE-PHYSOPT-TIMING-RPX" Name="top_class_report_1_timing_summary_postroute_physopted.rpx"/>
  <File Type="POSTROUTE-PHYSOPT-BUS-SKEW" Name="top_class_report_1_bus_skew_postroute_physopted.rpt"/>
  <File Type="BG-BIT" Name="top_class_report_1.bit"/>
  <File Type="POSTROUTE-PHYSOPT-BUS-SKEW-PB" Name="top_class_report_1_bus_skew_postroute_physopted.pb"/>
  <File Type="POSTROUTE-PHYSOPT-BUS-SKEW-RPX" Name="top_class_report_1_bus_skew_postroute_physopted.rpx"/>
  <File Type="BITSTR-NKY" Name="top_class_report_1.nky"/>
  <File Type="BITSTR-BMM" Name="top_class_report_1_bd.bmm"/>
  <File Type="PDI-FILE" Name="top_class_report_1.pdi"/>
  <File Type="RCFI_FILE" Name="top_class_report_1.rcfi"/>
  <File Type="CFI_FILE" Name="top_class_report_1.cfi"/>
  <File Type="RNPI_FILE" Name="top_class_report_1.rnpi"/>
  <File Type="NPI_FILE" Name="top_class_report_1.npi"/>
  <File Type="RBD_FILE" Name="top_class_report_1.rbd"/>
  <File Type="BITSTR-LTX" Name="debug_nets.ltx"/>
  <File Type="BITSTR-LTX" Name="top_class_report_1.ltx"/>
  <File Type="BITSTR-SYSDEF" Name="top_class_report_1.sysdef"/>
  <File Type="BG-BGN" Name="top_class_report_1.bgn"/>
  <File Type="BG-DRC" Name="top_class_report_1.drc"/>
  <File Type="RDI-RDI" Name="top_class_report_1.vdi"/>
  <File Type="WBT-USG" Name="usage_statistics_webtalk.html"/>
  <FileSet Name="sources" Type="DesignSrcs" RelSrcDir="$PSRCDIR/sources_1" RelGenDir="$PGENDIR/sources_1">
    <Filter Type="Srcs"/>
    <File Path="$PSRCDIR/sources_1/new/count_n.sv">
      <FileInfo>
        <Attr Name="ImportPath" Val="$PPRDIR/../in_class_report_1/in_class_report_1.srcs/sources_1/new/count_n.sv"/>
        <Attr Name="ImportTime" Val="1693945012"/>
        <Attr Name="UsedIn" Val="synthesis"/>
        <Attr Name="UsedIn" Val="implementation"/>
        <Attr Name="UsedIn" Val="simulation"/>
      </FileInfo>
    </File>
    <File Path="$PSRCDIR/sources_1/new/rotate_square.sv">
      <FileInfo>
        <Attr Name="ImportPath" Val="$PPRDIR/../in_class_report_1/in_class_report_1.srcs/sources_1/new/rotate_square.sv"/>
        <Attr Name="ImportTime" Val="1693948580"/>
        <Attr Name="UsedIn" Val="synthesis"/>
        <Attr Name="UsedIn" Val="implementation"/>
        <Attr Name="UsedIn" Val="simulation"/>
      </FileInfo>
    </File>
    <File Path="$PPRDIR/../Class_Report1/Class_Report1.srcs/sources_1/new/sseg_decoder.sv">
      <FileInfo>
        <Attr Name="UsedIn" Val="synthesis"/>
        <Attr Name="UsedIn" Val="implementation"/>
        <Attr Name="UsedIn" Val="simulation"/>
      </FileInfo>
    </File>
    <File Path="$PSRCDIR/sources_1/new/top_class_report_1.sv">
      <FileInfo>
        <Attr Name="ImportPath" Val="$PPRDIR/../in_class_report_1/in_class_report_1.srcs/sources_1/new/top_class_report_1.sv"/>
        <Attr Name="ImportTime" Val="1693948170"/>
        <Attr Name="UsedIn" Val="synthesis"/>
        <Attr Name="UsedIn" Val="implementation"/>
        <Attr Name="UsedIn" Val="simulation"/>
      </FileInfo>
    </File>
    <Config>
      <Option Name="DesignMode" Val="RTL"/>
      <Option Name="TopModule" Val="top_class_report_1"/>
      <Option Name="TopAutoSet" Val="TRUE"/>
    </Config>
  </FileSet>
  <FileSet Name="constrs_in" Type="Constrs" RelSrcDir="$PSRCDIR/constrs_1">
    <Filter Type="Constrs"/>
    <File Path="$PPRDIR/../Nexys-4-DDR-Master.xdc">
      <FileInfo>
        <Attr Name="UsedIn" Val="synthesis"/>
        <Attr Name="UsedIn" Val="implementation"/>
      </FileInfo>
    </File>
    <Config>
      <Option Name="ConstrsType" Val="XDC"/>
    </Config>
  </FileSet>
  <FileSet Name="utils" Type="Utils" RelSrcDir="$PSRCDIR/utils_1">
    <Filter Type="Utils"/>
    <File Path="$PPRDIR/../in_class_report_1/in_class_report_1.srcs/utils_1/imports/synth_1/top_class_report_1.dcp">
      <FileInfo>
        <Attr Name="UsedIn" Val="synthesis"/>
        <Attr Name="UsedIn" Val="implementation"/>
        <Attr Name="UsedInSteps" Val="synth_1"/>
        <Attr Name="AutoDcp" Val="1"/>
      </FileInfo>
    </File>
    <Config>
      <Option Name="TopAutoSet" Val="TRUE"/>
    </Config>
  </FileSet>
  <Strategy Version="1" Minor="2">
    <StratHandle Name="Vivado Implementation Defaults" Flow="Vivado Implementation 2021"/>
    <Step Id="init_design"/>
    <Step Id="opt_design"/>
    <Step Id="power_opt_design"/>
    <Step Id="place_design"/>
    <Step Id="post_place_power_opt_design"/>
    <Step Id="phys_opt_design"/>
    <Step Id="route_design"/>
    <Step Id="post_route_phys_opt_design"/>
    <Step Id="write_bitstream"/>
  </Strategy>
</GenRun>
