<?xml version="1.0" encoding="UTF-8"?>
<GenRun Id="impl_1" LaunchPart="xc7a100tcsg324-1" LaunchTime="1694714677">
  <File Type="ROUTE-PWR" Name="wrapper_reaction_timer_power_routed.rpt"/>
  <File Type="PA-TCL" Name="wrapper_reaction_timer.tcl"/>
  <File Type="BITSTR-MMI" Name="wrapper_reaction_timer.mmi"/>
  <File Type="OPT-METHODOLOGY-DRC" Name="wrapper_reaction_timer_methodology_drc_opted.rpt"/>
  <File Type="INIT-TIMING" Name="wrapper_reaction_timer_timing_summary_init.rpt"/>
  <File Type="ROUTE-PWR-SUM" Name="wrapper_reaction_timer_power_summary_routed.pb"/>
  <File Type="REPORTS-TCL" Name="wrapper_reaction_timer_reports.tcl"/>
  <File Type="OPT-TIMING" Name="wrapper_reaction_timer_timing_summary_opted.rpt"/>
  <File Type="OPT-DCP" Name="wrapper_reaction_timer_opt.dcp"/>
  <File Type="OPT-DRC" Name="wrapper_reaction_timer_drc_opted.rpt"/>
  <File Type="OPT-HWDEF" Name="wrapper_reaction_timer.hwdef"/>
  <File Type="PWROPT-DCP" Name="wrapper_reaction_timer_pwropt.dcp"/>
  <File Type="PWROPT-DRC" Name="wrapper_reaction_timer_drc_pwropted.rpt"/>
  <File Type="PWROPT-TIMING" Name="wrapper_reaction_timer_timing_summary_pwropted.rpt"/>
  <File Type="PLACE-DCP" Name="wrapper_reaction_timer_placed.dcp"/>
  <File Type="PLACE-IO" Name="wrapper_reaction_timer_io_placed.rpt"/>
  <File Type="PLACE-CLK" Name="wrapper_reaction_timer_clock_utilization_placed.rpt"/>
  <File Type="PLACE-UTIL" Name="wrapper_reaction_timer_utilization_placed.rpt"/>
  <File Type="PLACE-UTIL-PB" Name="wrapper_reaction_timer_utilization_placed.pb"/>
  <File Type="PLACE-CTRL" Name="wrapper_reaction_timer_control_sets_placed.rpt"/>
  <File Type="PLACE-SIMILARITY" Name="wrapper_reaction_timer_incremental_reuse_placed.rpt"/>
  <File Type="PLACE-PRE-SIMILARITY" Name="wrapper_reaction_timer_incremental_reuse_pre_placed.rpt"/>
  <File Type="BG-BIN" Name="wrapper_reaction_timer.bin"/>
  <File Type="PLACE-TIMING" Name="wrapper_reaction_timer_timing_summary_placed.rpt"/>
  <File Type="POSTPLACE-PWROPT-DCP" Name="wrapper_reaction_timer_postplace_pwropt.dcp"/>
  <File Type="BITSTR-MSK" Name="wrapper_reaction_timer.msk"/>
  <File Type="POSTPLACE-PWROPT-TIMING" Name="wrapper_reaction_timer_timing_summary_postplace_pwropted.rpt"/>
  <File Type="PHYSOPT-DCP" Name="wrapper_reaction_timer_physopt.dcp"/>
  <File Type="PHYSOPT-DRC" Name="wrapper_reaction_timer_drc_physopted.rpt"/>
  <File Type="BITSTR-RBT" Name="wrapper_reaction_timer.rbt"/>
  <File Type="PHYSOPT-TIMING" Name="wrapper_reaction_timer_timing_summary_physopted.rpt"/>
  <File Type="ROUTE-ERROR-DCP" Name="wrapper_reaction_timer_routed_error.dcp"/>
  <File Type="ROUTE-DCP" Name="wrapper_reaction_timer_routed.dcp"/>
  <File Type="ROUTE-BLACKBOX-DCP" Name="wrapper_reaction_timer_routed_bb.dcp"/>
  <File Type="ROUTE-DRC" Name="wrapper_reaction_timer_drc_routed.rpt"/>
  <File Type="ROUTE-DRC-PB" Name="wrapper_reaction_timer_drc_routed.pb"/>
  <File Type="ROUTE-DRC-RPX" Name="wrapper_reaction_timer_drc_routed.rpx"/>
  <File Type="ROUTE-METHODOLOGY-DRC" Name="wrapper_reaction_timer_methodology_drc_routed.rpt"/>
  <File Type="ROUTE-METHODOLOGY-DRC-RPX" Name="wrapper_reaction_timer_methodology_drc_routed.rpx"/>
  <File Type="ROUTE-METHODOLOGY-DRC-PB" Name="wrapper_reaction_timer_methodology_drc_routed.pb"/>
  <File Type="ROUTE-PWR-RPX" Name="wrapper_reaction_timer_power_routed.rpx"/>
  <File Type="ROUTE-STATUS" Name="wrapper_reaction_timer_route_status.rpt"/>
  <File Type="ROUTE-STATUS-PB" Name="wrapper_reaction_timer_route_status.pb"/>
  <File Type="ROUTE-TIMINGSUMMARY" Name="wrapper_reaction_timer_timing_summary_routed.rpt"/>
  <File Type="ROUTE-TIMING-PB" Name="wrapper_reaction_timer_timing_summary_routed.pb"/>
  <File Type="ROUTE-TIMING-RPX" Name="wrapper_reaction_timer_timing_summary_routed.rpx"/>
  <File Type="ROUTE-SIMILARITY" Name="wrapper_reaction_timer_incremental_reuse_routed.rpt"/>
  <File Type="ROUTE-CLK" Name="wrapper_reaction_timer_clock_utilization_routed.rpt"/>
  <File Type="ROUTE-BUS-SKEW" Name="wrapper_reaction_timer_bus_skew_routed.rpt"/>
  <File Type="ROUTE-BUS-SKEW-PB" Name="wrapper_reaction_timer_bus_skew_routed.pb"/>
  <File Type="ROUTE-BUS-SKEW-RPX" Name="wrapper_reaction_timer_bus_skew_routed.rpx"/>
  <File Type="POSTROUTE-PHYSOPT-DCP" Name="wrapper_reaction_timer_postroute_physopt.dcp"/>
  <File Type="POSTROUTE-PHYSOPT-BLACKBOX-DCP" Name="wrapper_reaction_timer_postroute_physopt_bb.dcp"/>
  <File Type="POSTROUTE-PHYSOPT-TIMING" Name="wrapper_reaction_timer_timing_summary_postroute_physopted.rpt"/>
  <File Type="POSTROUTE-PHYSOPT-TIMING-PB" Name="wrapper_reaction_timer_timing_summary_postroute_physopted.pb"/>
  <File Type="POSTROUTE-PHYSOPT-TIMING-RPX" Name="wrapper_reaction_timer_timing_summary_postroute_physopted.rpx"/>
  <File Type="POSTROUTE-PHYSOPT-BUS-SKEW" Name="wrapper_reaction_timer_bus_skew_postroute_physopted.rpt"/>
  <File Type="BG-BIT" Name="wrapper_reaction_timer.bit"/>
  <File Type="POSTROUTE-PHYSOPT-BUS-SKEW-PB" Name="wrapper_reaction_timer_bus_skew_postroute_physopted.pb"/>
  <File Type="POSTROUTE-PHYSOPT-BUS-SKEW-RPX" Name="wrapper_reaction_timer_bus_skew_postroute_physopted.rpx"/>
  <File Type="BITSTR-NKY" Name="wrapper_reaction_timer.nky"/>
  <File Type="BITSTR-BMM" Name="wrapper_reaction_timer_bd.bmm"/>
  <File Type="PDI-FILE" Name="wrapper_reaction_timer.pdi"/>
  <File Type="RCFI_FILE" Name="wrapper_reaction_timer.rcfi"/>
  <File Type="CFI_FILE" Name="wrapper_reaction_timer.cfi"/>
  <File Type="RNPI_FILE" Name="wrapper_reaction_timer.rnpi"/>
  <File Type="NPI_FILE" Name="wrapper_reaction_timer.npi"/>
  <File Type="RBD_FILE" Name="wrapper_reaction_timer.rbd"/>
  <File Type="BITSTR-LTX" Name="debug_nets.ltx"/>
  <File Type="BITSTR-LTX" Name="wrapper_reaction_timer.ltx"/>
  <File Type="BITSTR-SYSDEF" Name="wrapper_reaction_timer.sysdef"/>
  <File Type="BG-BGN" Name="wrapper_reaction_timer.bgn"/>
  <File Type="BG-DRC" Name="wrapper_reaction_timer.drc"/>
  <File Type="RDI-RDI" Name="wrapper_reaction_timer.vdi"/>
  <File Type="WBT-USG" Name="usage_statistics_webtalk.html"/>
  <FileSet Name="sources" Type="DesignSrcs" RelSrcDir="$PSRCDIR/sources_1" RelGenDir="$PGENDIR/sources_1">
    <Filter Type="Srcs"/>
    <File Path="$PSRCDIR/sources_1/new/add3.sv">
      <FileInfo>
        <Attr Name="ImportPath" Val="$PPRDIR/../Class_Report_2/Class_Report_2.srcs/sources_1/new/add3.sv"/>
        <Attr Name="ImportTime" Val="1694190876"/>
        <Attr Name="UsedIn" Val="synthesis"/>
        <Attr Name="UsedIn" Val="implementation"/>
        <Attr Name="UsedIn" Val="simulation"/>
      </FileInfo>
    </File>
    <File Path="$PSRCDIR/sources_1/new/bcdconverter_11.sv">
      <FileInfo>
        <Attr Name="ImportPath" Val="$PPRDIR/../Class_Report_2/Class_Report_2.srcs/sources_1/new/bcdconverter_11.sv"/>
        <Attr Name="ImportTime" Val="1694190851"/>
        <Attr Name="UsedIn" Val="synthesis"/>
        <Attr Name="UsedIn" Val="implementation"/>
        <Attr Name="UsedIn" Val="simulation"/>
      </FileInfo>
    </File>
    <File Path="$PSRCDIR/sources_1/new/counter.sv">
      <FileInfo>
        <Attr Name="ImportPath" Val="$PPRDIR/../Class_Report_2/Class_Report_2.srcs/sources_1/new/counter.sv"/>
        <Attr Name="ImportTime" Val="1694191512"/>
        <Attr Name="UsedIn" Val="synthesis"/>
        <Attr Name="UsedIn" Val="implementation"/>
        <Attr Name="UsedIn" Val="simulation"/>
      </FileInfo>
    </File>
    <File Path="$PSRCDIR/sources_1/new/counter_ms.sv">
      <FileInfo>
        <Attr Name="UsedIn" Val="synthesis"/>
        <Attr Name="UsedIn" Val="implementation"/>
        <Attr Name="UsedIn" Val="simulation"/>
      </FileInfo>
    </File>
    <File Path="$PSRCDIR/sources_1/new/lfsr_randnum.sv">
      <FileInfo>
        <Attr Name="UsedIn" Val="synthesis"/>
        <Attr Name="UsedIn" Val="implementation"/>
        <Attr Name="UsedIn" Val="simulation"/>
      </FileInfo>
    </File>
    <File Path="$PSRCDIR/sources_1/new/num2sseg.sv">
      <FileInfo>
        <Attr Name="ImportPath" Val="$PPRDIR/../Class_Report_2/Class_Report_2.srcs/sources_1/new/num2sseg.sv"/>
        <Attr Name="ImportTime" Val="1694190917"/>
        <Attr Name="UsedIn" Val="synthesis"/>
        <Attr Name="UsedIn" Val="implementation"/>
        <Attr Name="UsedIn" Val="simulation"/>
      </FileInfo>
    </File>
    <File Path="$PSRCDIR/sources_1/new/reaction_time.sv">
      <FileInfo>
        <Attr Name="ImportPath" Val="$PPRDIR/../Class_Report_2/Class_Report_2.srcs/sources_1/new/reaction_time.sv"/>
        <Attr Name="ImportTime" Val="1694196910"/>
        <Attr Name="UsedIn" Val="synthesis"/>
        <Attr Name="UsedIn" Val="implementation"/>
        <Attr Name="UsedIn" Val="simulation"/>
      </FileInfo>
    </File>
    <File Path="$PSRCDIR/sources_1/new/sseg_decoder.sv">
      <FileInfo>
        <Attr Name="ImportPath" Val="$PPRDIR/../Class_Report_2/Class_Report_2.srcs/sources_1/new/sseg_decoder.sv"/>
        <Attr Name="ImportTime" Val="1694196476"/>
        <Attr Name="UsedIn" Val="synthesis"/>
        <Attr Name="UsedIn" Val="implementation"/>
        <Attr Name="UsedIn" Val="simulation"/>
      </FileInfo>
    </File>
    <File Path="$PSRCDIR/sources_1/new/wrapper_reaction_timer.sv">
      <FileInfo>
        <Attr Name="ImportPath" Val="$PPRDIR/../Class_Report_2/Class_Report_2.srcs/sources_1/new/wrapper_reaction_timer.sv"/>
        <Attr Name="ImportTime" Val="1694463557"/>
        <Attr Name="UsedIn" Val="synthesis"/>
        <Attr Name="UsedIn" Val="implementation"/>
        <Attr Name="UsedIn" Val="simulation"/>
      </FileInfo>
    </File>
    <File Path="$PSRCDIR/sources_1/new/debounce.sv">
      <FileInfo>
        <Attr Name="AutoDisabled" Val="1"/>
        <Attr Name="ImportPath" Val="$PPRDIR/../Class_Report_2/Class_Report_2.srcs/sources_1/new/debounce.sv"/>
        <Attr Name="ImportTime" Val="1694050104"/>
        <Attr Name="UsedIn" Val="synthesis"/>
        <Attr Name="UsedIn" Val="implementation"/>
        <Attr Name="UsedIn" Val="simulation"/>
      </FileInfo>
    </File>
    <File Path="$PSRCDIR/sources_1/new/lfsr_rand.sv">
      <FileInfo>
        <Attr Name="AutoDisabled" Val="1"/>
        <Attr Name="UsedIn" Val="synthesis"/>
        <Attr Name="UsedIn" Val="implementation"/>
        <Attr Name="UsedIn" Val="simulation"/>
      </FileInfo>
    </File>
    <Config>
      <Option Name="DesignMode" Val="RTL"/>
      <Option Name="TopModule" Val="wrapper_reaction_timer"/>
      <Option Name="TopAutoSet" Val="TRUE"/>
    </Config>
  </FileSet>
  <FileSet Name="constrs_in" Type="Constrs" RelSrcDir="$PSRCDIR/constrs_1">
    <Filter Type="Constrs"/>
    <File Path="$PPRDIR/../Class_Report_2/Nexys-4-DDR-Master.xdc">
      <FileInfo>
        <Attr Name="UsedIn" Val="synthesis"/>
        <Attr Name="UsedIn" Val="implementation"/>
      </FileInfo>
    </File>
    <Config>
      <Option Name="ConstrsType" Val="XDC"/>
    </Config>
  </FileSet>
  <FileSet Name="utils" Type="Utils" RelSrcDir="$PSRCDIR/utils_1">
    <Filter Type="Utils"/>
    <File Path="$PPRDIR/../Class_Report_2/Class_Report_2.srcs/utils_1/imports/synth_1/wrapper_reaction_timer.dcp">
      <FileInfo>
        <Attr Name="UsedIn" Val="synthesis"/>
        <Attr Name="UsedIn" Val="implementation"/>
        <Attr Name="UsedInSteps" Val="synth_1"/>
        <Attr Name="UsedInSteps" Val="synth_1_copy_1"/>
        <Attr Name="AutoDcp" Val="1"/>
      </FileInfo>
    </File>
    <Config>
      <Option Name="TopAutoSet" Val="TRUE"/>
    </Config>
  </FileSet>
  <Strategy Version="1" Minor="2">
    <StratHandle Name="Vivado Implementation Defaults" Flow="Vivado Implementation 2021"/>
    <Step Id="init_design"/>
    <Step Id="opt_design"/>
    <Step Id="power_opt_design"/>
    <Step Id="place_design"/>
    <Step Id="post_place_power_opt_design"/>
    <Step Id="phys_opt_design"/>
    <Step Id="route_design"/>
    <Step Id="post_route_phys_opt_design"/>
    <Step Id="write_bitstream"/>
  </Strategy>
</GenRun>
