<?xml version="1.0" encoding="UTF-8"?>
<GenRun Id="synth_1" LaunchPart="xc7a100tcsg324-1" LaunchTime="1693957268" LaunchIncrCheckpoint="$PPRDIR/../in_class_report_1/in_class_report_1.srcs/utils_1/imports/synth_1/top_class_report_1.dcp">
  <File Type="PA-TCL" Name="top_class_report_1.tcl"/>
  <File Type="RDS-PROPCONSTRS" Name="top_class_report_1_drc_synth.rpt"/>
  <File Type="REPORTS-TCL" Name="top_class_report_1_reports.tcl"/>
  <File Type="RDS-RDS" Name="top_class_report_1.vds"/>
  <File Type="RDS-UTIL" Name="top_class_report_1_utilization_synth.rpt"/>
  <File Type="RDS-UTIL-PB" Name="top_class_report_1_utilization_synth.pb"/>
  <File Type="RDS-DCP" Name="top_class_report_1.dcp"/>
  <File Type="VDS-TIMINGSUMMARY" Name="top_class_report_1_timing_summary_synth.rpt"/>
  <File Type="VDS-TIMING-PB" Name="top_class_report_1_timing_summary_synth.pb"/>
  <FileSet Name="sources" Type="DesignSrcs" RelSrcDir="$PSRCDIR/sources_1" RelGenDir="$PGENDIR/sources_1">
    <Filter Type="Srcs"/>
    <File Path="$PSRCDIR/sources_1/new/count_n.sv">
      <FileInfo>
        <Attr Name="ImportPath" Val="$PPRDIR/../in_class_report_1/in_class_report_1.srcs/sources_1/new/count_n.sv"/>
        <Attr Name="ImportTime" Val="1693945012"/>
        <Attr Name="UsedIn" Val="synthesis"/>
        <Attr Name="UsedIn" Val="implementation"/>
        <Attr Name="UsedIn" Val="simulation"/>
      </FileInfo>
    </File>
    <File Path="$PSRCDIR/sources_1/new/rotate_square.sv">
      <FileInfo>
        <Attr Name="ImportPath" Val="$PPRDIR/../in_class_report_1/in_class_report_1.srcs/sources_1/new/rotate_square.sv"/>
        <Attr Name="ImportTime" Val="1693948580"/>
        <Attr Name="UsedIn" Val="synthesis"/>
        <Attr Name="UsedIn" Val="implementation"/>
        <Attr Name="UsedIn" Val="simulation"/>
      </FileInfo>
    </File>
    <File Path="$PPRDIR/../Class_Report1/Class_Report1.srcs/sources_1/new/sseg_decoder.sv">
      <FileInfo>
        <Attr Name="UsedIn" Val="synthesis"/>
        <Attr Name="UsedIn" Val="implementation"/>
        <Attr Name="UsedIn" Val="simulation"/>
      </FileInfo>
    </File>
    <File Path="$PSRCDIR/sources_1/new/top_class_report_1.sv">
      <FileInfo>
        <Attr Name="ImportPath" Val="$PPRDIR/../in_class_report_1/in_class_report_1.srcs/sources_1/new/top_class_report_1.sv"/>
        <Attr Name="ImportTime" Val="1693948170"/>
        <Attr Name="UsedIn" Val="synthesis"/>
        <Attr Name="UsedIn" Val="implementation"/>
        <Attr Name="UsedIn" Val="simulation"/>
      </FileInfo>
    </File>
    <Config>
      <Option Name="DesignMode" Val="RTL"/>
      <Option Name="TopModule" Val="top_class_report_1"/>
      <Option Name="TopAutoSet" Val="TRUE"/>
    </Config>
  </FileSet>
  <FileSet Name="constrs_in" Type="Constrs" RelSrcDir="$PSRCDIR/constrs_1">
    <Filter Type="Constrs"/>
    <File Path="$PPRDIR/../Nexys-4-DDR-Master.xdc">
      <FileInfo>
        <Attr Name="UsedIn" Val="synthesis"/>
        <Attr Name="UsedIn" Val="implementation"/>
      </FileInfo>
    </File>
    <Config>
      <Option Name="ConstrsType" Val="XDC"/>
    </Config>
  </FileSet>
  <FileSet Name="utils" Type="Utils" RelSrcDir="$PSRCDIR/utils_1">
    <Filter Type="Utils"/>
    <File Path="$PPRDIR/../in_class_report_1/in_class_report_1.srcs/utils_1/imports/synth_1/top_class_report_1.dcp">
      <FileInfo>
        <Attr Name="UsedIn" Val="synthesis"/>
        <Attr Name="UsedIn" Val="implementation"/>
        <Attr Name="UsedInSteps" Val="synth_1"/>
        <Attr Name="AutoDcp" Val="1"/>
      </FileInfo>
    </File>
    <Config>
      <Option Name="TopAutoSet" Val="TRUE"/>
    </Config>
  </FileSet>
  <Strategy Version="1" Minor="2">
    <StratHandle Name="Vivado Synthesis Defaults" Flow="Vivado Synthesis 2021"/>
    <Step Id="synth_design"/>
  </Strategy>
</GenRun>
