<?xml version="1.0" encoding="UTF-8"?>
<GenRun Id="synth_1" LaunchPart="xc7a100tcsg324-1" LaunchTime="1694714676" LaunchIncrCheckpoint="$PPRDIR/../Class_Report_2/Class_Report_2.srcs/utils_1/imports/synth_1/wrapper_reaction_timer.dcp">
  <File Type="PA-TCL" Name="wrapper_reaction_timer.tcl"/>
  <File Type="RDS-PROPCONSTRS" Name="wrapper_reaction_timer_drc_synth.rpt"/>
  <File Type="REPORTS-TCL" Name="wrapper_reaction_timer_reports.tcl"/>
  <File Type="RDS-RDS" Name="wrapper_reaction_timer.vds"/>
  <File Type="RDS-UTIL" Name="wrapper_reaction_timer_utilization_synth.rpt"/>
  <File Type="RDS-UTIL-PB" Name="wrapper_reaction_timer_utilization_synth.pb"/>
  <File Type="RDS-DCP" Name="wrapper_reaction_timer.dcp"/>
  <File Type="VDS-TIMINGSUMMARY" Name="wrapper_reaction_timer_timing_summary_synth.rpt"/>
  <File Type="VDS-TIMING-PB" Name="wrapper_reaction_timer_timing_summary_synth.pb"/>
  <FileSet Name="sources" Type="DesignSrcs" RelSrcDir="$PSRCDIR/sources_1" RelGenDir="$PGENDIR/sources_1">
    <Filter Type="Srcs"/>
    <File Path="$PSRCDIR/sources_1/new/add3.sv">
      <FileInfo>
        <Attr Name="ImportPath" Val="$PPRDIR/../Class_Report_2/Class_Report_2.srcs/sources_1/new/add3.sv"/>
        <Attr Name="ImportTime" Val="1694190876"/>
        <Attr Name="UsedIn" Val="synthesis"/>
        <Attr Name="UsedIn" Val="implementation"/>
        <Attr Name="UsedIn" Val="simulation"/>
      </FileInfo>
    </File>
    <File Path="$PSRCDIR/sources_1/new/bcdconverter_11.sv">
      <FileInfo>
        <Attr Name="ImportPath" Val="$PPRDIR/../Class_Report_2/Class_Report_2.srcs/sources_1/new/bcdconverter_11.sv"/>
        <Attr Name="ImportTime" Val="1694190851"/>
        <Attr Name="UsedIn" Val="synthesis"/>
        <Attr Name="UsedIn" Val="implementation"/>
        <Attr Name="UsedIn" Val="simulation"/>
      </FileInfo>
    </File>
    <File Path="$PSRCDIR/sources_1/new/counter.sv">
      <FileInfo>
        <Attr Name="ImportPath" Val="$PPRDIR/../Class_Report_2/Class_Report_2.srcs/sources_1/new/counter.sv"/>
        <Attr Name="ImportTime" Val="1694191512"/>
        <Attr Name="UsedIn" Val="synthesis"/>
        <Attr Name="UsedIn" Val="implementation"/>
        <Attr Name="UsedIn" Val="simulation"/>
      </FileInfo>
    </File>
    <File Path="$PSRCDIR/sources_1/new/counter_ms.sv">
      <FileInfo>
        <Attr Name="UsedIn" Val="synthesis"/>
        <Attr Name="UsedIn" Val="implementation"/>
        <Attr Name="UsedIn" Val="simulation"/>
      </FileInfo>
    </File>
    <File Path="$PSRCDIR/sources_1/new/lfsr_randnum.sv">
      <FileInfo>
        <Attr Name="UsedIn" Val="synthesis"/>
        <Attr Name="UsedIn" Val="implementation"/>
        <Attr Name="UsedIn" Val="simulation"/>
      </FileInfo>
    </File>
    <File Path="$PSRCDIR/sources_1/new/num2sseg.sv">
      <FileInfo>
        <Attr Name="ImportPath" Val="$PPRDIR/../Class_Report_2/Class_Report_2.srcs/sources_1/new/num2sseg.sv"/>
        <Attr Name="ImportTime" Val="1694190917"/>
        <Attr Name="UsedIn" Val="synthesis"/>
        <Attr Name="UsedIn" Val="implementation"/>
        <Attr Name="UsedIn" Val="simulation"/>
      </FileInfo>
    </File>
    <File Path="$PSRCDIR/sources_1/new/reaction_time.sv">
      <FileInfo>
        <Attr Name="ImportPath" Val="$PPRDIR/../Class_Report_2/Class_Report_2.srcs/sources_1/new/reaction_time.sv"/>
        <Attr Name="ImportTime" Val="1694196910"/>
        <Attr Name="UsedIn" Val="synthesis"/>
        <Attr Name="UsedIn" Val="implementation"/>
        <Attr Name="UsedIn" Val="simulation"/>
      </FileInfo>
    </File>
    <File Path="$PSRCDIR/sources_1/new/sseg_decoder.sv">
      <FileInfo>
        <Attr Name="ImportPath" Val="$PPRDIR/../Class_Report_2/Class_Report_2.srcs/sources_1/new/sseg_decoder.sv"/>
        <Attr Name="ImportTime" Val="1694196476"/>
        <Attr Name="UsedIn" Val="synthesis"/>
        <Attr Name="UsedIn" Val="implementation"/>
        <Attr Name="UsedIn" Val="simulation"/>
      </FileInfo>
    </File>
    <File Path="$PSRCDIR/sources_1/new/wrapper_reaction_timer.sv">
      <FileInfo>
        <Attr Name="ImportPath" Val="$PPRDIR/../Class_Report_2/Class_Report_2.srcs/sources_1/new/wrapper_reaction_timer.sv"/>
        <Attr Name="ImportTime" Val="1694463557"/>
        <Attr Name="UsedIn" Val="synthesis"/>
        <Attr Name="UsedIn" Val="implementation"/>
        <Attr Name="UsedIn" Val="simulation"/>
      </FileInfo>
    </File>
    <File Path="$PSRCDIR/sources_1/new/debounce.sv">
      <FileInfo>
        <Attr Name="AutoDisabled" Val="1"/>
        <Attr Name="ImportPath" Val="$PPRDIR/../Class_Report_2/Class_Report_2.srcs/sources_1/new/debounce.sv"/>
        <Attr Name="ImportTime" Val="1694050104"/>
        <Attr Name="UsedIn" Val="synthesis"/>
        <Attr Name="UsedIn" Val="implementation"/>
        <Attr Name="UsedIn" Val="simulation"/>
      </FileInfo>
    </File>
    <File Path="$PSRCDIR/sources_1/new/lfsr_rand.sv">
      <FileInfo>
        <Attr Name="AutoDisabled" Val="1"/>
        <Attr Name="UsedIn" Val="synthesis"/>
        <Attr Name="UsedIn" Val="implementation"/>
        <Attr Name="UsedIn" Val="simulation"/>
      </FileInfo>
    </File>
    <Config>
      <Option Name="DesignMode" Val="RTL"/>
      <Option Name="TopModule" Val="wrapper_reaction_timer"/>
      <Option Name="TopAutoSet" Val="TRUE"/>
    </Config>
  </FileSet>
  <FileSet Name="constrs_in" Type="Constrs" RelSrcDir="$PSRCDIR/constrs_1">
    <Filter Type="Constrs"/>
    <File Path="$PPRDIR/../Class_Report_2/Nexys-4-DDR-Master.xdc">
      <FileInfo>
        <Attr Name="UsedIn" Val="synthesis"/>
        <Attr Name="UsedIn" Val="implementation"/>
      </FileInfo>
    </File>
    <Config>
      <Option Name="ConstrsType" Val="XDC"/>
    </Config>
  </FileSet>
  <FileSet Name="utils" Type="Utils" RelSrcDir="$PSRCDIR/utils_1">
    <Filter Type="Utils"/>
    <File Path="$PPRDIR/../Class_Report_2/Class_Report_2.srcs/utils_1/imports/synth_1/wrapper_reaction_timer.dcp">
      <FileInfo>
        <Attr Name="UsedIn" Val="synthesis"/>
        <Attr Name="UsedIn" Val="implementation"/>
        <Attr Name="UsedInSteps" Val="synth_1"/>
        <Attr Name="UsedInSteps" Val="synth_1_copy_1"/>
        <Attr Name="AutoDcp" Val="1"/>
      </FileInfo>
    </File>
    <Config>
      <Option Name="TopAutoSet" Val="TRUE"/>
    </Config>
  </FileSet>
  <Strategy Version="1" Minor="2">
    <StratHandle Name="Vivado Synthesis Defaults" Flow="Vivado Synthesis 2021"/>
    <Step Id="synth_design"/>
  </Strategy>
</GenRun>
